[{"Name": "google.com", "Success": true, "Queries": [{"Time in millis": 21, "Answers": [{"Queried name": ".", "Data": "l.root-servers.net.", "Type": "NS", "TTL": 478616}, {"Queried name": ".", "Data": "m.root-servers.net.", "Type": "NS", "TTL": 478616}, {"Queried name": ".", "Data": "a.root-servers.net.", "Type": "NS", "TTL": 478616}, {"Queried name": ".", "Data": "b.root-servers.net.", "Type": "NS", "TTL": 478616}, {"Queried name": ".", "Data": "c.root-servers.net.", "Type": "NS", "TTL": 478616}, {"Queried name": ".", "Data": "d.root-servers.net.", "Type": "NS", "TTL": 478616}, {"Queried name": ".", "Data": "e.root-servers.net.", "Type": "NS", "TTL": 478616}, {"Queried name": ".", "Data": "f.root-servers.net.", "Type": "NS", "TTL": 478616}, {"Queried name": ".", "Data": "g.root-servers.net.", "Type": "NS", "TTL": 478616}, {"Queried name": ".", "Data": "h.root-servers.net.", "Type": "NS", "TTL": 478616}, {"Queried name": ".", "Data": "i.root-servers.net.", "Type": "NS", "TTL": 478616}, {"Queried name": ".", "Data": "j.root-servers.net.", "Type": "NS", "TTL": 478616}, {"Queried name": ".", "Data": "k.root-servers.net.", "Type": "NS", "TTL": 478616}]}, {"Time in millis": 27, "Answers": [{"Queried name": "com.", "Data": "e.gtld-servers.net.", "Type": "NS", "TTL": 172800}, {"Queried name": "com.", "Data": "b.gtld-servers.net.", "Type": "NS", "TTL": 172800}, {"Queried name": "com.", "Data": "j.gtld-servers.net.", "Type": "NS", "TTL": 172800}, {"Queried name": "com.", "Data": "m.gtld-servers.net.", "Type": "NS", "TTL": 172800}, {"Queried name": "com.", "Data": "i.gtld-servers.net.", "Type": "NS", "TTL": 172800}, {"Queried name": "com.", "Data": "f.gtld-servers.net.", "Type": "NS", "TTL": 172800}, {"Queried name": "com.", "Data": "a.gtld-servers.net.", "Type": "NS", "TTL": 172800}, {"Queried name": "com.", "Data": "g.gtld-servers.net.", "Type": "NS", "TTL": 172800}, {"Queried name": "com.", "Data": "h.gtld-servers.net.", "Type": "NS", "TTL": 172800}, {"Queried name": "com.", "Data": "l.gtld-servers.net.", "Type": "NS", "TTL": 172800}, {"Queried name": "com.", "Data": "k.gtld-servers.net.", "Type": "NS", "TTL": 172800}, {"Queried name": "com.", "Data": "c.gtld-servers.net.", "Type": "NS", "TTL": 172800}, {"Queried name": "com.", "Data": "d.gtld-servers.net.", "Type": "NS", "TTL": 172800}]}, {"Time in millis": 18, "Answers": [{"Queried name": "google.com.", "Data": "ns2.google.com.", "Type": "NS", "TTL": 172800}, {"Queried name": "google.com.", "Data": "ns1.google.com.", "Type": "NS", "TTL": 172800}, {"Queried name": "google.com.", "Data": "ns3.google.com.", "Type": "NS", "TTL": 172800}, {"Queried name": "google.com.", "Data": "ns4.google.com.", "Type": "NS", "TTL": 172800}]}, {"Time in millis": 86, "Answers": [{"Queried name": "google.com.", "Data": "172.217.5.110", "Type": "A", "TTL": 300}]}]}, {"Name": "google.com", "Success": true, "Queries": [{"Time in millis": 19, "Answers": [{"Queried name": ".", "Data": "l.root-servers.net.", "Type": "NS", "TTL": 478616}, {"Queried name": ".", "Data": "m.root-servers.net.", "Type": "NS", "TTL": 478616}, {"Queried name": ".", "Data": "a.root-servers.net.", "Type": "NS", "TTL": 478616}, {"Queried name": ".", "Data": "b.root-servers.net.", "Type": "NS", "TTL": 478616}, {"Queried name": ".", "Data": "c.root-servers.net.", "Type": "NS", "TTL": 478616}, {"Queried name": ".", "Data": "d.root-servers.net.", "Type": "NS", "TTL": 478616}, {"Queried name": ".", "Data": "e.root-servers.net.", "Type": "NS", "TTL": 478616}, {"Queried name": ".", "Data": "f.root-servers.net.", "Type": "NS", "TTL": 478616}, {"Queried name": ".", "Data": "g.root-servers.net.", "Type": "NS", "TTL": 478616}, {"Queried name": ".", "Data": "h.root-servers.net.", "Type": "NS", "TTL": 478616}, {"Queried name": ".", "Data": "i.root-servers.net.", "Type": "NS", "TTL": 478616}, {"Queried name": ".", "Data": "j.root-servers.net.", "Type": "NS", "TTL": 478616}, {"Queried name": ".", "Data": "k.root-servers.net.", "Type": "NS", "TTL": 478616}]}, {"Time in millis": 20, "Answers": [{"Queried name": "com.", "Data": "a.gtld-servers.net.", "Type": "NS", "TTL": 172800}, {"Queried name": "com.", "Data": "b.gtld-servers.net.", "Type": "NS", "TTL": 172800}, {"Queried name": "com.", "Data": "c.gtld-servers.net.", "Type": "NS", "TTL": 172800}, {"Queried name": "com.", "Data": "d.gtld-servers.net.", "Type": "NS", "TTL": 172800}, {"Queried name": "com.", "Data": "e.gtld-servers.net.", "Type": "NS", "TTL": 172800}, {"Queried name": "com.", "Data": "f.gtld-servers.net.", "Type": "NS", "TTL": 172800}, {"Queried name": "com.", "Data": "g.gtld-servers.net.", "Type": "NS", "TTL": 172800}, {"Queried name": "com.", "Data": "h.gtld-servers.net.", "Type": "NS", "TTL": 172800}, {"Queried name": "com.", "Data": "i.gtld-servers.net.", "Type": "NS", "TTL": 172800}, {"Queried name": "com.", "Data": "j.gtld-servers.net.", "Type": "NS", "TTL": 172800}, {"Queried name": "com.", "Data": "k.gtld-servers.net.", "Type": "NS", "TTL": 172800}, {"Queried name": "com.", "Data": "l.gtld-servers.net.", "Type": "NS", "TTL": 172800}, {"Queried name": "com.", "Data": "m.gtld-servers.net.", "Type": "NS", "TTL": 172800}]}, {"Time in millis": 16, "Answers": [{"Queried name": "google.com.", "Data": "ns2.google.com.", "Type": "NS", "TTL": 172800}, {"Queried name": "google.com.", "Data": "ns1.google.com.", "Type": "NS", "TTL": 172800}, {"Queried name": "google.com.", "Data": "ns3.google.com.", "Type": "NS", "TTL": 172800}, {"Queried name": "google.com.", "Data": "ns4.google.com.", "Type": "NS", "TTL": 172800}]}, {"Time in millis": 34, "Answers": [{"Queried name": "google.com.", "Data": "172.217.5.110", "Type": "A", "TTL": 300}]}]}, {"Name": "google.com", "Success": true, "Queries": [{"Time in millis": 22, "Answers": [{"Queried name": ".", "Data": "l.root-servers.net.", "Type": "NS", "TTL": 478631}, {"Queried name": ".", "Data": "g.root-servers.net.", "Type": "NS", "TTL": 478631}, {"Queried name": ".", "Data": "a.root-servers.net.", "Type": "NS", "TTL": 478631}, {"Queried name": ".", "Data": "c.root-servers.net.", "Type": "NS", "TTL": 478631}, {"Queried name": ".", "Data": "i.root-servers.net.", "Type": "NS", "TTL": 478631}, {"Queried name": ".", "Data": "m.root-servers.net.", "Type": "NS", "TTL": 478631}, {"Queried name": ".", "Data": "f.root-servers.net.", "Type": "NS", "TTL": 478631}, {"Queried name": ".", "Data": "k.root-servers.net.", "Type": "NS", "TTL": 478631}, {"Queried name": ".", "Data": "j.root-servers.net.", "Type": "NS", "TTL": 478631}, {"Queried name": ".", "Data": "b.root-servers.net.", "Type": "NS", "TTL": 478631}, {"Queried name": ".", "Data": "d.root-servers.net.", "Type": "NS", "TTL": 478631}, {"Queried name": ".", "Data": "e.root-servers.net.", "Type": "NS", "TTL": 478631}, {"Queried name": ".", "Data": "h.root-servers.net.", "Type": "NS", "TTL": 478631}]}, {"Time in millis": 173, "Answers": [{"Queried name": "com.", "Data": "m.gtld-servers.net.", "Type": "NS", "TTL": 172800}, {"Queried name": "com.", "Data": "j.gtld-servers.net.", "Type": "NS", "TTL": 172800}, {"Queried name": "com.", "Data": "b.gtld-servers.net.", "Type": "NS", "TTL": 172800}, {"Queried name": "com.", "Data": "c.gtld-servers.net.", "Type": "NS", "TTL": 172800}, {"Queried name": "com.", "Data": "g.gtld-servers.net.", "Type": "NS", "TTL": 172800}, {"Queried name": "com.", "Data": "i.gtld-servers.net.", "Type": "NS", "TTL": 172800}, {"Queried name": "com.", "Data": "a.gtld-servers.net.", "Type": "NS", "TTL": 172800}, {"Queried name": "com.", "Data": "h.gtld-servers.net.", "Type": "NS", "TTL": 172800}, {"Queried name": "com.", "Data": "e.gtld-servers.net.", "Type": "NS", "TTL": 172800}, {"Queried name": "com.", "Data": "d.gtld-servers.net.", "Type": "NS", "TTL": 172800}, {"Queried name": "com.", "Data": "l.gtld-servers.net.", "Type": "NS", "TTL": 172800}, {"Queried name": "com.", "Data": "k.gtld-servers.net.", "Type": "NS", "TTL": 172800}, {"Queried name": "com.", "Data": "f.gtld-servers.net.", "Type": "NS", "TTL": 172800}]}, {"Time in millis": 83, "Answers": [{"Queried name": "google.com.", "Data": "ns2.google.com.", "Type": "NS", "TTL": 172800}, {"Queried name": "google.com.", "Data": "ns1.google.com.", "Type": "NS", "TTL": 172800}, {"Queried name": "google.com.", "Data": "ns3.google.com.", "Type": "NS", "TTL": 172800}, {"Queried name": "google.com.", "Data": "ns4.google.com.", "Type": "NS", "TTL": 172800}]}, {"Time in millis": 34, "Answers": [{"Queried name": "google.com.", "Data": "172.217.5.110", "Type": "A", "TTL": 300}]}]}, {"Name": "google.com", "Success": true, "Queries": [{"Time in millis": 21, "Answers": [{"Queried name": ".", "Data": "e.root-servers.net.", "Type": "NS", "TTL": 478631}, {"Queried name": ".", "Data": "h.root-servers.net.", "Type": "NS", "TTL": 478631}, {"Queried name": ".", "Data": "l.root-servers.net.", "Type": "NS", "TTL": 478631}, {"Queried name": ".", "Data": "g.root-servers.net.", "Type": "NS", "TTL": 478631}, {"Queried name": ".", "Data": "a.root-servers.net.", "Type": "NS", "TTL": 478631}, {"Queried name": ".", "Data": "c.root-servers.net.", "Type": "NS", "TTL": 478631}, {"Queried name": ".", "Data": "i.root-servers.net.", "Type": "NS", "TTL": 478631}, {"Queried name": ".", "Data": "m.root-servers.net.", "Type": "NS", "TTL": 478631}, {"Queried name": ".", "Data": "f.root-servers.net.", "Type": "NS", "TTL": 478631}, {"Queried name": ".", "Data": "k.root-servers.net.", "Type": "NS", "TTL": 478631}, {"Queried name": ".", "Data": "j.root-servers.net.", "Type": "NS", "TTL": 478631}, {"Queried name": ".", "Data": "b.root-servers.net.", "Type": "NS", "TTL": 478631}, {"Queried name": ".", "Data": "d.root-servers.net.", "Type": "NS", "TTL": 478631}]}, {"Time in millis": 159, "Answers": [{"Queried name": "com.", "Data": "h.gtld-servers.net.", "Type": "NS", "TTL": 172800}, {"Queried name": "com.", "Data": "j.gtld-servers.net.", "Type": "NS", "TTL": 172800}, {"Queried name": "com.", "Data": "e.gtld-servers.net.", "Type": "NS", "TTL": 172800}, {"Queried name": "com.", "Data": "f.gtld-servers.net.", "Type": "NS", "TTL": 172800}, {"Queried name": "com.", "Data": "g.gtld-servers.net.", "Type": "NS", "TTL": 172800}, {"Queried name": "com.", "Data": "d.gtld-servers.net.", "Type": "NS", "TTL": 172800}, {"Queried name": "com.", "Data": "l.gtld-servers.net.", "Type": "NS", "TTL": 172800}, {"Queried name": "com.", "Data": "i.gtld-servers.net.", "Type": "NS", "TTL": 172800}, {"Queried name": "com.", "Data": "c.gtld-servers.net.", "Type": "NS", "TTL": 172800}, {"Queried name": "com.", "Data": "b.gtld-servers.net.", "Type": "NS", "TTL": 172800}, {"Queried name": "com.", "Data": "k.gtld-servers.net.", "Type": "NS", "TTL": 172800}, {"Queried name": "com.", "Data": "a.gtld-servers.net.", "Type": "NS", "TTL": 172800}, {"Queried name": "com.", "Data": "m.gtld-servers.net.", "Type": "NS", "TTL": 172800}]}, {"Time in millis": 90, "Answers": [{"Queried name": "google.com.", "Data": "ns2.google.com.", "Type": "NS", "TTL": 172800}, {"Queried name": "google.com.", "Data": "ns1.google.com.", "Type": "NS", "TTL": 172800}, {"Queried name": "google.com.", "Data": "ns3.google.com.", "Type": "NS", "TTL": 172800}, {"Queried name": "google.com.", "Data": "ns4.google.com.", "Type": "NS", "TTL": 172800}]}, {"Time in millis": 35, "Answers": [{"Queried name": "google.com.", "Data": "172.217.5.110", "Type": "A", "TTL": 300}]}]}, {"Name": "google.com", "Success": true, "Queries": [{"Time in millis": 21, "Answers": [{"Queried name": ".", "Data": "f.root-servers.net.", "Type": "NS", "TTL": 478679}, {"Queried name": ".", "Data": "b.root-servers.net.", "Type": "NS", "TTL": 478679}, {"Queried name": ".", "Data": "j.root-servers.net.", "Type": "NS", "TTL": 478679}, {"Queried name": ".", "Data": "g.root-servers.net.", "Type": "NS", "TTL": 478679}, {"Queried name": ".", "Data": "d.root-servers.net.", "Type": "NS", "TTL": 478679}, {"Queried name": ".", "Data": "l.root-servers.net.", "Type": "NS", "TTL": 478679}, {"Queried name": ".", "Data": "a.root-servers.net.", "Type": "NS", "TTL": 478679}, {"Queried name": ".", "Data": "k.root-servers.net.", "Type": "NS", "TTL": 478679}, {"Queried name": ".", "Data": "c.root-servers.net.", "Type": "NS", "TTL": 478679}, {"Queried name": ".", "Data": "m.root-servers.net.", "Type": "NS", "TTL": 478679}, {"Queried name": ".", "Data": "e.root-servers.net.", "Type": "NS", "TTL": 478679}, {"Queried name": ".", "Data": "i.root-servers.net.", "Type": "NS", "TTL": 478679}, {"Queried name": ".", "Data": "h.root-servers.net.", "Type": "NS", "TTL": 478679}]}, {"Time in millis": 18, "Answers": [{"Queried name": "com.", "Data": "k.gtld-servers.net.", "Type": "NS", "TTL": 172800}, {"Queried name": "com.", "Data": "a.gtld-servers.net.", "Type": "NS", "TTL": 172800}, {"Queried name": "com.", "Data": "j.gtld-servers.net.", "Type": "NS", "TTL": 172800}, {"Queried name": "com.", "Data": "m.gtld-servers.net.", "Type": "NS", "TTL": 172800}, {"Queried name": "com.", "Data": "c.gtld-servers.net.", "Type": "NS", "TTL": 172800}, {"Queried name": "com.", "Data": "l.gtld-servers.net.", "Type": "NS", "TTL": 172800}, {"Queried name": "com.", "Data": "d.gtld-servers.net.", "Type": "NS", "TTL": 172800}, {"Queried name": "com.", "Data": "i.gtld-servers.net.", "Type": "NS", "TTL": 172800}, {"Queried name": "com.", "Data": "g.gtld-servers.net.", "Type": "NS", "TTL": 172800}, {"Queried name": "com.", "Data": "h.gtld-servers.net.", "Type": "NS", "TTL": 172800}, {"Queried name": "com.", "Data": "b.gtld-servers.net.", "Type": "NS", "TTL": 172800}, {"Queried name": "com.", "Data": "f.gtld-servers.net.", "Type": "NS", "TTL": 172800}, {"Queried name": "com.", "Data": "e.gtld-servers.net.", "Type": "NS", "TTL": 172800}]}, {"Time in millis": 97, "Answers": [{"Queried name": "google.com.", "Data": "ns2.google.com.", "Type": "NS", "TTL": 172800}, {"Queried name": "google.com.", "Data": "ns1.google.com.", "Type": "NS", "TTL": 172800}, {"Queried name": "google.com.", "Data": "ns3.google.com.", "Type": "NS", "TTL": 172800}, {"Queried name": "google.com.", "Data": "ns4.google.com.", "Type": "NS", "TTL": 172800}]}, {"Time in millis": 37, "Answers": [{"Queried name": "google.com.", "Data": "172.217.5.110", "Type": "A", "TTL": 300}]}]}]